vendor,product,eol_date,replacement
Palo Alto,Version,End-of-Life Date,
Palo Alto,145.16.x.x,2026-05-20,
Palo Alto,145.7.x.x,2026-05-13,
Palo Alto,144.27.x.x,2026-05-05,
Palo Alto,144.23.x.x,2026-04-28,
Palo Alto,144.15.x.x,2026-04-21,
Palo Alto,144.6.x.x,2026-04-14,
Palo Alto,143.37.x.x,2026-04-07,
Palo Alto,143.31.x.x,2026-03-31,
Palo Alto,143.24.x.x,2026-03-24,
Palo Alto,143.18.x.x,2026-03-17,
Palo Alto,143.12.x.x,2026-03-11,
Palo Alto,143.6.x.x,2026-03-03,
Palo Alto,142.33.x.x,2026-02-25,
Palo Alto,142.28.x.x,2026-02-16,
Palo Alto,142.21.x.x,2026-02-10,
Palo Alto,142.15.x.x,2026-02-04,
Palo Alto,142.7.x.x,2026-01-27,
Palo Alto,141.22.x.x,2026-01-20,
Palo Alto,141.19.x.x,2026-01-13,
Palo Alto,141.12.x.x,2026-01-06,
Palo Alto,141.6.x.x,2025-12-30,
Palo Alto,140.26.x.x,2025-12-23,
Palo Alto,140.21.x.x,2025-12-17,
Palo Alto,140.14.x.x,2025-12-09,
Palo Alto,140.7.x.x,2025-12-02,
Palo Alto,139.23.x.x,2025-11-25,
Palo Alto,139.18.x.x,2025-11-18,
Palo Alto,139.12.x.x,2025-11-11,
Palo Alto,139.7.x.x,2025-11-05,
Palo Alto,138.69.x.x,2025-10-28,
Palo Alto,138.64.x.x,2025-10-21,
Palo Alto,138.53.x.x,2025-10-14,
Palo Alto,138.47.x.x,2025-10-07,
Palo Alto,138.40.x.x,2025-09-29,
Palo Alto,138.33.x.x,2025-09-23,
Palo Alto,137.27.x.x,2025-09-16,
Palo Alto,137.20.x.x,2025-09-09,
Palo Alto,137.16.x.x,2025-09-01,
Palo Alto,137.8.x.x,2025-08-26,
Palo Alto,136.33.x.x,2025-08-19,
Palo Alto,136.24.x.x,2025-08-12,
Palo Alto,136.17.x.x,2025-08-05,
Palo Alto,136.11.x.x,2025-07-29,
Palo Alto,135.27.x.x,2025-07-22,
Palo Alto,135.16.x.x,2025-07-08,
Palo Alto,135.10.x.x,2025-07-01,
Palo Alto,134.29.x.x,2025-06-24,
Palo Alto,134.20.x.x,2025-06-18,
Palo Alto,134.17.x.x,2025-06-09,
Palo Alto,134.7.x.x,2025-06-03,
Palo Alto,133.36.x.x,2025-05-27,
Palo Alto,133.27.x.x,2025-05-20,
Palo Alto,133.16.x.x,2025-05-14,
Palo Alto,133.8.x.x,2025-05-06,
Palo Alto,132.x.3025.x,2025-04-29,
Palo Alto,132.x.3017.x,2025-04-22,
Palo Alto,132.x.3010.x,2025-04-15,
Palo Alto,131.x.2999.x,2025-04-08,
Palo Alto,131.x.2995.x,2025-04-01,
Palo Alto,131.x.2986.x,2025-03-26,
Palo Alto,131.x.2976.x,2025-03-19,
Palo Alto,131.x.2968.x,2025-03-11,
Palo Alto,131.x.2963.x,2025-03-04,
Palo Alto,131.x.2955.x,2025-02-26,
Palo Alto,131.x.2948.x,2025-02-18,
Palo Alto,131.x.2943.x,2025-02-12,
Palo Alto,130.x.2936.x,2025-02-04,
Palo Alto,130.x.2931.x,2025-01-28,
Palo Alto,130.x2926.x,2025-01-21,
Palo Alto,130.x2920.x,2025-01-14,
Palo Alto,129.x2913.x,2025-01-07,
Palo Alto,129.x2910.x,2024-12-31,
Palo Alto,129.x2903.x,2024-12-24,
Palo Alto,129.x2896.x,2024-12-17,
Palo Alto,128.x.2888.x,2024-12-10,
Palo Alto,128.x.2884.x,2024-12-02,
Palo Alto,128.x.2877.x,2024-11-27,
Palo Alto,128.x.2869.x,2024-11-19,
Palo Alto,127.x.2863.x,2024-11-12,
Palo Alto,127.x.2858.x,2024-11-05,
Palo Alto,127.x.2853.x,2024-10-29,
Palo Alto,127.x.2849.x,2024-10-22,
Palo Alto,126.x.2844.x,2024-10-15,
Palo Alto,126.x.2842.x,2024-10-08,
Palo Alto,126.x.2834.x,2024-10-02,
Palo Alto,126.x.2826.x,2024-09-23,
Palo Alto,126.x.2819.x,2024-09-17,
Palo Alto,126.x.2811.x,2024-09-10,
Palo Alto,125.x.2804.x,2024-08-29,
Palo Alto,12.1,2028-08-28,
Palo Alto,11.2,2027-05-02,
Palo Alto,11.1,2027-05-03,
Palo Alto,11.0,2024-11-17,
Palo Alto,10.2,2025-08-27,
Palo Alto,10.1,2024-12-01,
Palo Alto,10.0,2022-07-16,
Palo Alto,9.1,2024-06-30,
Palo Alto,9.0-XFR (VM-Series only),2020-09-19,
Palo Alto,9.0,2022-03-01,
Palo Alto,8.1,2022-03-01,
Palo Alto,8.0,2019-10-31,
Palo Alto,7.1,2020-06-30,
Palo Alto,7.0,2017-12-04,
Palo Alto,6.1,2018-10-25,
Palo Alto,6.0,2017-03-19,
Palo Alto,5.1 (Panorama only),2017-05-09,
Palo Alto,5.0,2016-11-13,
Palo Alto,4.1,2015-04-30,
Palo Alto,4.0,2014-12-31,
Palo Alto,3.1,2013-06-30,
Palo Alto,3.0,2010-12-17,
Palo Alto,2.1,2012-01-05,
Palo Alto,2.0,2009-05-20,
Palo Alto,1.3,2008-11-20,
Palo Alto,AWS Version,End-of-Life Date,
Palo Alto,5.3.4,Latest,
Palo Alto,5.3.3,2025-05-01,
Palo Alto,5.3.2,2025-05-01,
Palo Alto,5.3.1,Latest,
Palo Alto,5.3.0,2025-05-01,
Palo Alto,5.2.2,2025-05-01,
Palo Alto,5.2.1,2025-05-01,
Palo Alto,5.2.0,2025-05-01,
Palo Alto,5.1.3,Latest,
Palo Alto,5.1.2,2025-05-01,
Palo Alto,5.1.1,2024-08-01,
Palo Alto,5.0.1,2024-08-01,
Palo Alto,5.0.0,2024-08-01,
Palo Alto,4.1.0,2024-08-01,
Palo Alto,4.0.0,2024-08-01,
Palo Alto,3.0.3 (support 10.1),2025-08-31,
Palo Alto,3.0.2,2024-08-01,
Palo Alto,3.0.1,2024-08-01,
Palo Alto,3.0.0,2024-08-01,
Palo Alto,2.0.2 (9.1),2024-08-01,
Palo Alto,2.0.1,2024-08-01,
Palo Alto,2.0.0,2024-08-01,
Palo Alto,1.0.1,2024-08-01,
Palo Alto,1.0.0,2024-08-01,
Palo Alto,Azure Version,End-of-Life Date,
Palo Alto,5.2.2,Latest,
Palo Alto,5.2.1,2025-05-01,
Palo Alto,5.2.0,2025-05-01,
Palo Alto,5.1.2,2025-05-01,
Palo Alto,5.1.1,2025-05-01,
Palo Alto,5.1.0,2025-05-01,
Palo Alto,5.0.0,2024-08-01,
Palo Alto,4.2.0,2024-08-01,
Palo Alto,4.1.0,2024-08-01,
Palo Alto,4.0.0,2024-08-01,
Palo Alto,3.2.2 (support 10.1),2025-08-31,
Palo Alto,3.2.1,2024-08-01,
Palo Alto,3.2.0,2024-08-01,
Palo Alto,3.1.0,2024-08-01,
Palo Alto,3.0.1,2024-08-01,
Palo Alto,3.0.0,2024-08-01,
Palo Alto,2.0.3,2024-08-01,
Palo Alto,2.0.2,2024-08-01,
Palo Alto,2.0.1,2024-08-01,
Palo Alto,2.0.0,2024-08-01,
Palo Alto,1.0.0,2024-08-01,
Palo Alto,GCP Version,End-of-Life Date,
Palo Alto,3.1.2,Latest,
Palo Alto,3.1.1,2025-05-01,
Palo Alto,3.1.0,2024-08-01,
Palo Alto,3.0.0,2024-08-01,
Palo Alto,2.0.0 (support 10.1),2025-08-31,
Palo Alto,1.0.0,2024-08-01,
Palo Alto,NSX Version,End-of-Life Date,
Palo Alto,5.0.1,2024-08-01,
Palo Alto,5.0.0,2024-08-01,
Palo Alto,4.0.4 (support 10.1),2025-08-31,
Palo Alto,4.0.3,2024-08-01,
Palo Alto,4.0.2,2024-02-01,
Palo Alto,4.0.1,2024-12-01,
Palo Alto,4.0.0,2024-08-01,
Palo Alto,3.2.4,2024-08-01,
Palo Alto,3.2.3,2024-08-01,
Palo Alto,3.2.1,2024-08-01,
Palo Alto,3.2.0,2024-08-01,
Palo Alto,3.1.0,2024-08-01,
Palo Alto,2.0.6,2024-08-01,
Palo Alto,2.0.5,2024-08-01,
Palo Alto,2.0.4,2024-08-01,
Palo Alto,2.0.3,2024-08-01,
Palo Alto,2.0.2,2024-08-01,
Palo Alto,2.0.1,2024-08-01,
Palo Alto,vCenter Version,End-of-Life Date,
Palo Alto,2.1.0,Latest,
Palo Alto,2.0.0 (support 10.1),2025-08-31,
Palo Alto,1.0.0,2024-08-01,
Palo Alto,ACI Version,End-of-Life Date,
Palo Alto,3.0.1,Latest,
Palo Alto,3.0.0,2024-08-01,
Palo Alto,2.0.3 (10.1),2025-08-31,
Palo Alto,2.0.2,2024-08-01,
Palo Alto,2.0.1,2024-08-01,
Palo Alto,2.0.0,2024-08-01,
Palo Alto,1.0.1,2024-08-01,
Palo Alto,1.0.0,2024-08-01,
Palo Alto,Nutanix,End-of-Life Date,
Palo Alto,2.0.2,Latest,
Palo Alto,2.0.1,2025-05-01,
Palo Alto,2.0.0,August 01 2024,
Palo Alto,1.0.0,2024-08-01,
Palo Alto,Version,End-of-Life Date,
Palo Alto,1.1.3,Latest,
Palo Alto,1.1.2,2025-05-01,
Palo Alto,1.1.1,2024-08-01,
Palo Alto,1.1.0,2024-08-01,
Palo Alto,1.0.0,2024-08-01,
Palo Alto,Version,End-of-Life Date,
Palo Alto,4.0.0,2024-08-01,
Palo Alto,3.0.4,Latest,
Palo Alto,3.0.3,2025-05-01,
Palo Alto,3.0.2,2025-05-01,
Palo Alto,3.0.1,2024-08-01,
Palo Alto,3.0.0,2024-08-01,
Palo Alto,2.0.2 (10.1),2024-12-01,
Palo Alto,2.0.1,2024-08-01,
Palo Alto,2.0.0,2024-08-01,
Palo Alto,1.0.5,2024-08-01,
Palo Alto,1.0.4,2024-08-01,
Palo Alto,1.0.3,2024-08-01,
Palo Alto,1.0.2,2024-08-01,
Palo Alto,1.0.1,2024-08-01,
Palo Alto,1.0.0,2024-08-01,
Palo Alto,Version,End-of-Life Date,
Palo Alto,9.1 (Cortex XDR agent),2026-11-22,
Palo Alto,9.0 (Cortex XDR agent),2026-08-23,
Palo Alto,8.9 (Cortex XDR agent),2026-05-10,
Palo Alto,8.8 (Cortex XDR agent),2026-02-18,
Palo Alto,8.7.100 CE (Cortex XDR agent),2027-07-02,
Palo Alto,8.7 (Cortex XDR agent),2025-11-23,
Palo Alto,8.6 (Cortex XDR agent),2025-07-13,
Palo Alto,8.5 (Cortex XDR agent),2025-04-21,
Palo Alto,8.4 (Cortex XDR agent),2025-02-05,
Palo Alto,8.3 CE (Cortex XDR agent),2026-05-21,
Palo Alto,8.3 (Cortex XDR agent),2024-11-25,
Palo Alto,8.2 (Cortex XDR agent),2024-08-12,
Palo Alto,8.1 (Cortex XDR agent),2024-04-09,
Palo Alto,8.0 (Cortex XDR agent),2023-12-19,
Palo Alto,7.9.103 CE (Cortex XDR agent),"December 31, 2026**",
Palo Alto,7.9 CE (Cortex XDR agent),2025-03-19,
Palo Alto,7.9 (Cortex XDR agent),2023-09-11,
Palo Alto,7.8 (Cortex XDR agent),2023-04-24,
Palo Alto,7.7 (Cortex XDR agent),2022-12-27,
Palo Alto,7.6 (Cortex XDR agent),2022-09-05,
Palo Alto,7.5 CE (Cortex XDR Agent),2024-03-06,
Palo Alto,7.5 (Cortex XDR agent),2022-08-22,
Palo Alto,7.4 (Cortex XDR agent),2022-05-24,
Palo Alto,7.3 (Cortex XDR agent),2022-02-01,
Palo Alto,7.2 (Cortex XDR agent),2022-03-07,
Palo Alto,7.1 (Cortex XDR agent),2021-06-04,
Palo Alto,7.0 (Cortex XDR agent),2021-06-04,
Palo Alto,6.1,2022-07-01,
Palo Alto,6.0,2020-02-26,
Palo Alto,5.0,2024-06-01,
Palo Alto,4.2,"March 1, 2022*",
Palo Alto,4.1,2019-09-15,
Palo Alto,4.0,2018-04-05,
Palo Alto,3.4,2019-08-21,
Palo Alto,3.3,2017-02-28,
Palo Alto,3.2,2016-03-31,
Palo Alto,3.1,2015-09-03,
Palo Alto,GlobalProtect App version,End-of-Engineering Date,
Palo Alto,6.3,2028-06-30,
Palo Alto,6.2,2027-06-30,
Palo Alto,6.1***,2025-03-01,
Palo Alto,6.0**,2025-12-31,
Palo Alto,5.3,2022-12-01,
Palo Alto,5.2,2023-08-31,
Palo Alto,5.1,2021-03-12,
Palo Alto,5.0,2020-05-12,
Palo Alto,4.1,2019-06-01,
Palo Alto,4.0,2018-05-02,
Palo Alto,3.1,2017-09-23,
Palo Alto,3.0,2017-05-18,
Palo Alto,Version,End-of-Life Date,
Palo Alto,22.12,2023-12-03,
Palo Alto,22.06,2023-08-20,
Palo Alto,22.01,2023-04-23,
Palo Alto,21.08,2022-12-04,
Palo Alto,21.04,2022-06-09,
Palo Alto,20.12,2021-09-08,
Palo Alto,20.09,2021-04-26,
Palo Alto,20.04,2020-12-21,
Palo Alto,19.11,2020-09-22,
Palo Alto,End-of-Sale Product,End-of-Life Date,
Palo Alto,"LightCyber Magna Detector Virtual Appliance 
(D-150V)",2020-12-31,
Palo Alto,"LightCyber Magna Probe Virtual Appliance 
 (P-50TV)",2020-12-31,
Palo Alto,LightCyber Magna Master Virtual Appliance (M-100V),2020-12-31,
Palo Alto,Platform,N/A,
Palo Alto,Evident.io,2020-07-31,
Palo Alto,Version,End-of-Life Date,
Palo Alto,6.5,2028-02-15,
Palo Alto,6.4,2026-08-31,
Palo Alto,6.3,2027-08-31,
Palo Alto,6.2,2025-05-04,
Palo Alto,6.1,2026-06-30,
Palo Alto,6.0,2023-09-01,
Palo Alto,5.6***,2026-06-30,
Palo Alto,5.5,2023-08-30,
Palo Alto,5.4,2023-03-31,
Palo Alto,5.2,2022-01-31,
Palo Alto,5.1,2022-01-31,
Palo Alto,5.0,2022-01-31,
Palo Alto,4.7,2020-03-15,
Palo Alto,4.6,2020-02-15,
Palo Alto,4.5,2020-02-15,
Palo Alto,4.4,2020-02-15,
Palo Alto,Product,End-of-Life Date,
Palo Alto,BrightCloud,2021-07-31,
Palo Alto,End-of-Sale Product,End-of-Life Date,
Palo Alto,"VM-Series Models 
(VM-50, VM-100, VM-200, VM-300, VM-500, VM-700, VM-1000-HV)",2024-07-31,
